"page","name","category","address","X5star","X4star","X3star","X2star","X1star","monday","tuesday","wednesday","thursday","friday","saturday","sunday","wifi_rate","TV_rate","noise_rate","alcohol_rate","seating_rate","takeout_rate","creditcard_rate","rate","numberrate","reservation_rate","delivery_rate","yelp_rating"
2,"Muqueca Restaurant","Latin American","1008 Cambridge Street Cambridge, MA 02141",214,214,61,25,17,"Closed","11:00 am - 10:30 pm","11:00 am - 10:30 pm","11:00 am - 10:30 pm","11:00 am - 10:30 pm","11:00 am - 10:30 pm","12:00 pm - 9:30 pm",0,0,0,0,0,1,1,4.09792843691149,531,1,1,4
2,"The Table At Season To Taste","Modern American","2447 Massachusetts Ave Cambridge, MA 02140",44,3,0,0,0,"Closed","5:30 pm - 10:00 pm","5:30 pm - 10:00 pm","5:30 pm - 10:00 pm","5:30 pm - 10:00 pm","5:30 pm - 10:00 pm","Closed",0,0,0,1,0,0,1,4.93617021276596,47,1,0,5
2,"Kimchi Kitchen","Korean","847 Cambridge St Cambridge, MA 02141",54,28,8,2,0,"Closed","11:30 am - 9:00 pm","11:30 am - 9:00 pm","11:30 am - 9:00 pm","11:30 am - 10:00 pm","11:30 am - 10:00 pm","11:30 am - 9:00 pm",0,0,0,0,0,1,1,4.45652173913043,92,0,1,4.5
2,"Hokkaido Ramen Santouka","Ramen","1 Bow St Cambridge, MA 02138",146,173,87,25,8,"11:00 am - 9:30 pm","11:00 am - 9:30 pm","11:00 am - 9:30 pm","11:00 am - 9:30 pm","11:00 am - 10:30 pm","11:00 am - 10:30 pm","11:00 am - 9:00 pm",0,0,0,0,0,0,1,3.96583143507973,439,0,0,4
2,"AtwoodÍs Tavern","Bars","877 Cambridge St Cambridge, MA 02141",149,116,36,15,6,"3:30 pm - 1:00 am","3:30 pm - 1:00 am","3:30 pm - 1:00 am","11:30 am - 2:00 am","11:30 am - 2:00 am","11:30 am - 2:00 am","11:30 am - 1:00 am",1,0,0,1,1,1,1,4.20186335403727,322,0,0,4
2,"East Side Bar & Grille","Italian","561 Cambridge St Cambridge, MA 02141",150,64,15,13,8,"Closed","5:00 pm - 10:00 pm","5:00 pm - 10:00 pm","5:00 pm - 10:00 pm","5:00 pm - 10:00 pm","5:00 pm - 10:00 pm","4:00 pm - 9:00 pm",0,1,0,1,0,1,1,4.34,250,1,0,4.5
2,"Park Restaurant & Bar","Modern American","59 JFK St Cambridge, MA 02138",149,186,67,39,5,"5:00 pm - 1:00 am","5:00 pm - 1:00 am","5:00 pm - 1:00 am","5:00 pm - 2:00 am","5:00 pm - 2:00 am","10:00 am - 2:00 am","10:00 am - 1:00 am",1,0,0,1,1,1,1,3.97533632286996,446,1,0,4
2,"The Boathouse","American (New)","49 Mt Auburn St Cambridge, MA 02138",46,61,16,9,1,"5:00 pm - 1:00 am","5:00 pm - 1:00 am","5:00 pm - 1:00 am","5:00 pm - 1:00 am","5:00 pm - 1:00 am","5:00 pm - 1:00 am","5:00 pm - 1:00 am",1,1,0,1,0,1,1,4.06766917293233,133,1,0,4
2,"Toscano","Italian","52 Brattle St Cambridge, MA 02138",99,65,39,14,11,"11:30 am - 10:00 pm","11:30 am - 10:00 pm","11:30 am - 10:00 pm","11:30 am - 10:00 pm","11:30 am - 10:00 pm","11:30 am - 10:00 pm","11:30 am - 10:00 pm",0,1,0,1,0,1,1,3.99561403508772,228,1,0,4
2,"Basta Pasta Trattoria","Italian","319 Western Ave Cambridge, MA 02139",131,151,42,16,13,"11:00 am - 10:00 pm","11:00 am - 10:00 pm","11:00 am - 10:00 pm","11:00 am - 10:00 pm","11:00 am - 10:00 pm","11:00 am - 10:00 pm","3:00 pm - 10:00 pm",0,1,0,0,0,1,1,4.05099150141643,353,0,0,4
3,"Cuchi Cuchi","Tapas/Small Plates","795 Main St Cambridge, MA 02139",383,299,106,42,30,"5:30 pm - 1:00 am","5:30 pm - 1:00 am","5:30 pm - 1:00 am","5:30 pm - 1:00 am","5:30 pm - 1:00 am","29","",0,0,1,1,0,0,1,4.11976744186047,860,1,0,4
3,"Orinoco","Venezuelan","56 John F Kennedy St Cambridge, MA 02138",63,75,32,12,11,"Closed","12:00 pm - 2:30 pm 5:30 pm - 10:00 pm","12:00 pm - 2:30 pm 5:30 pm - 10:00 pm","12:00 pm - 2:30 pm 5:30 pm - 10:00 pm","12:00 pm - 2:30 pm 5:30 pm - 11:00 pm","12:00 pm - 2:30 pm 5:30 pm - 11:00 pm","11:30 am - 3:00 pm 5:30 pm - 9:00 pm",0,0,0,1,1,1,1,3.86528497409326,193,0,0,4
3,"Green Street","Bar","280 Green St Cambridge, MA 02139",188,256,101,46,15,"5:00 pm - 1:00 am","5:00 pm - 1:00 am","5:00 pm - 1:00 am","5:00 pm - 1:00 am","5:00 pm - 1:00 am","5:00 pm - 1:00 am","5:00 pm - 1:00 am",0,0,0,1,0,0,1,3.91749174917492,606,1,0,4
3,"Bondir Cambridge","French","279A Broadway Cambridge, MA 02139",117,53,36,31,9,"5:00 pm - 10:00 pm","Closed","5:00 pm - 10:00 pm","5:00 pm - 10:00 pm","5:00 pm - 10:00 pm","5:00 pm - 10:00 pm","5:00 pm - 10:00 pm",0,0,0,1,0,1,1,3.96747967479675,246,1,0,4
3,"The Plough & Stars","Music Venues","912 Massachusetts Ave Cambridge, MA 02139",79,130,39,16,7,"11:30 am - 1:00 am","11:30 am - 1:00 am","11:30 am - 1:00 am","11:30 am - 2:00 am","11:30 am - 2:00 am","10:00 am - 2:00 am","10:00 am - 1:00 am",1,1,0,1,0,1,1,3.9520295202952,271,0,0,4
3,"River Gods","Pub","125 River St Cambridge, MA 02139",109,176,53,11,7,"3:00 pm - 12:00 am","3:00 pm - 1:00 am","3:00 pm - 1:00 am","3:00 pm - 1:00 am","3:00 pm - 1:00 am","3:00 pm - 1:00 am","Closed",0,0,0,1,0,1,1,4.03651685393258,356,0,0,4
3,"Puritan & Company","American (New)","Inman Square 1166 Cambridge St Cambridge, MA 02139",112,99,32,25,8,"5:30 pm - 11:00 pm","5:30 pm - 11:00 pm","5:30 pm - 11:00 pm","5:30 pm - 11:00 pm","5:30 pm - 12:00 am","5:30 pm - 12:00 am","10:30 am - 2:00 pm 5:30 pm - 11:00 pm",0,0,0,1,0,0,1,4.02173913043478,276,1,0,4
3,"The Cellar","American (New)","991 Massachusetts Ave Cambridge, MA 02138",74,104,36,18,4,"11:30 am - 2:30 pm 5:00 pm - 11:00 pm","11:30 am - 2:30 pm 5:00 pm - 11:00 pm","11:30 am - 2:30 pm 5:00 pm - 11:00 pm","11:30 am - 2:30 pm 5:00 pm - 11:00 pm","11:30 am - 2:30 pm 5:00 pm - 11:00 pm","11:30 am - 2:30 pm 5:00 pm - 11:00 pm","11:30 am - 2:30 pm 5:00 pm - 11:00 pm",1,1,0,1,0,1,0,3.95762711864407,236,0,0,4
3,"Lone Star Taco Bar","Mexican","635 Cambridge St Cambridge, MA 02141",51,22,7,4,4,"11:00 am - 1:00 am","11:00 am - 1:00 am","11:00 am - 1:00 am","11:00 am - 1:00 am","11:00 am - 1:00 am","10:00 am - 1:00 am","10:00 am - 1:00 am",0,1,1,1,0,1,1,4.27272727272727,88,0,0,4.5
3,"Clover","Coffee & Tea","1326 Massachusetts Avenue Cambridge, MA 02138",159,231,100,55,16,"7:00 am - 12:00 am","7:00 am - 12:00 am","7:00 am - 12:00 am","7:00 am - 12:00 am","7:00 am - 12:00 am","7:00 am - 12:00 am","9:00 am - 10:00 pm",1,0,0,0,0,1,1,3.82352941176471,561,0,0,4
4,"Olecito","Mexican","12 Springfield St Cambridge, MA 02139",102,146,46,23,12,"11:00 am - 9:00 pm","11:00 am - 9:00 pm","11:00 am - 9:00 pm","11:00 am - 9:00 pm","11:00 am - 9:00 pm","11:00 am - 9:00 pm","11:00 am - 9:00 pm",0,0,0,0,0,1,0,3.9209726443769,329,0,0,4
4,"City Girl Caf_","Italian","204 Hampshire St Cambridge, MA 02139",159,123,36,15,8,"Closed","5:00 pm - 10:00 pm","5:00 pm - 10:00 pm","5:00 pm - 10:00 pm","5:00 pm - 10:00 pm","10:00 am - 3:00 pm 5:00 pm - 10:00 pm","10:00 am - 3:00 pm 5:00 pm - 10:00 pm",0,0,0,1,0,1,1,4.20234604105572,341,0,0,4
4,"Punjabi Dhaba","Indian","225 Hampshire St Cambridge, MA 02139",206,256,93,48,37,"12:00 pm - 11:30 pm","12:00 pm - 11:30 pm","12:00 pm - 11:30 pm","12:00 pm - 11:30 pm","12:00 pm - 11:30 pm","12:00 pm - 11:30 pm","12:00 pm - 11:30 pm",0,1,1,0,0,1,0,3.853125,640,0,0,4
4,"Area Four","Pizza","500 Technology Sq Cambridge, MA 02139",179,235,88,35,19,"7:00 am - 12:00 am","7:00 am - 12:00 am","7:00 am - 12:00 am","7:00 am - 12:00 am","7:00 am - 12:00 am","8:00 am - 12:00 am","8:00 am - 10:00 pm",1,1,0,1,1,1,1,3.93525179856115,556,1,0,4
4,"Rangzen Tibetan Restaurant","Himalayan/Nepalese","24 Pearl St Cambridge, MA 02139",94,131,61,24,1,"11:30 am - 3:00 pm 5:30 pm - 10:00 pm","11:30 am - 3:00 pm 5:30 pm - 10:00 pm","11:30 am - 3:00 pm 5:30 pm - 10:00 pm","11:30 am - 3:00 pm 5:30 pm - 10:00 pm","11:30 am - 3:00 pm 5:30 pm - 10:00 pm","11:30 am - 3:00 pm 5:30 pm - 10:00 pm","Closed",0,0,0,1,0,1,1,3.94212218649518,311,0,1,4
4,"The Village Kitchen","Italian","359 Huron Ave Cambridge, MA 02138",54,34,4,6,0,"9:30 am - 10:00 pm","9:30 am - 10:00 pm","9:30 am - 10:00 pm","9:30 am - 10:00 pm","9:30 am - 10:00 pm","9:30 am - 10:00 pm","10:00 am - 9:00 pm",0,0,0,0,0,0,0,4.38775510204082,98,0,1,4.5
4,"Clover","Vegetarian","5 Cambridge Ctr Cambridge, MA 02142",70,43,16,7,1,"7:00 am - 11:00 pm","7:00 am - 11:00 pm","7:00 am - 11:00 pm","7:00 am - 11:00 pm","7:00 am - 11:00 pm","7:00 am - 11:00 pm","9:00 am - 8:00 pm",1,0,0,1,0,1,1,4.27007299270073,137,0,0,4.5
4,"Rod Dee Thai Cuisine","Thai","1906 Massachusetts Ave Cambridge, MA 02140",114,89,28,18,15,"11:00 am - 10:30 pm","11:00 am - 10:30 pm","11:00 am - 10:30 pm","11:00 am - 10:30 pm","11:00 am - 10:30 pm","11:00 am - 10:30 pm","12:00 pm - 10:30 pm",0,1,0,0,0,1,0,4.01893939393939,264,0,1,4
4,"McCabeÍs on Mass","American (New)","2046 Massachusetts Ave Cambridge, MA 02140",56,30,7,7,4,"Closed","4:00 pm - 1:00 am","4:00 pm - 1:00 am","4:00 pm - 1:00 am","4:00 pm - 1:00 am","11:00 am - 1:00 am","11:00 am - 1:00 am",1,1,0,1,0,1,1,4.22115384615385,104,0,0,4
4,"Cambridge Common","Traditional American","1667 Massachusetts Ave Cambridge, MA 02138",122,255,128,28,13,"11:30 am - 1:00 am","11:30 am - 1:00 am","11:30 am - 1:00 am","11:30 am - 2:00 am","11:30 am - 2:00 am","11:30 am - 2:00 am","10:30 am - 1:00 am",0,1,0,1,1,1,1,3.81501831501832,546,1,0,4
5,"Life Alive","Vegetarian","765 Mass Ave Cambridge, MA 02139",528,308,74,37,33,"8:00 am - 10:00 pm","8:00 am - 10:00 pm","8:00 am - 10:00 pm","8:00 am - 10:00 pm","8:00 am - 10:00 pm","8:00 am - 10:00 pm","11:00 am - 9:00 pm",1,0,0,1,0,1,1,4.28673469387755,980,0,0,4.5
5,"Kolbeh of Kabob","Middle Eastern","1500 Cambridge St Cambridge, MA 02139",58,67,28,13,10,"11:30 am - 10:00 pm","11:30 am - 10:00 pm","11:30 am - 10:00 pm","11:30 am - 10:00 pm","11:30 am - 10:00 pm","11:30 am - 10:00 pm","11:30 am - 10:00 pm",0,0,0,0,0,1,1,3.85227272727273,176,1,0,4
5,"Craigie On Main","American (New)","853 Main St Cambridge, MA 02139",592,225,110,74,30,"Closed","5:30 pm - 12:00 am","5:30 pm - 12:00 am","5:30 pm - 12:00 am","5:30 pm - 12:00 am","5:30 pm - 12:00 am","5:30 pm - 12:00 am",0,0,0,1,0,0,1,4.23666343355965,1031,1,0,4
5,"Brookline Lunch","Diners","9 Brookline St Cambridge, MA 02139",112,116,37,26,20,"8:30 am - 3:30 pm","Closed","8:30 am - 3:30 pm","8:30 am - 3:30 pm","8:30 am - 3:30 pm","8:30 am - 3:30 pm","8:30 am - 3:30 pm",1,1,0,0,0,1,0,3.88102893890675,311,0,0,4
5,"The Abbey","Modern American","1755 Massachusetts Ave Cambridge, MA 02140",41,45,13,8,5,"11:00 am - 1:00 am","11:00 am - 1:00 am","11:00 am - 1:00 am","11:00 am - 1:00 am","11:00 am - 1:00 am","11:00 am - 1:00 am","11:00 am - 1:00 am",1,1,0,1,1,1,1,3.97321428571429,112,0,0,4
5,"Cafe Sushi","Sushi Bars","1105 Massachusetts Ave Cambridge, MA 02138",152,125,60,27,17,"12:00 pm - 2:30 pm 5:30 pm - 10:00 pm","12:00 pm - 2:30 pm 5:30 pm - 10:00 pm","12:00 pm - 2:30 pm 5:30 pm - 10:00 pm","12:00 pm - 2:30 pm 5:30 pm - 10:00 pm","12:00 pm - 2:30 pm 5:30 pm - 10:30 pm","12:00 pm - 2:30 pm 5:30 pm - 10:30 pm","5:30 pm - 10:00 pm",1,0,0,1,0,1,1,3.96587926509186,381,1,0,4
5,"Cambridge, 1.","Pizza","27 Church St Cambridge, MA 02138",100,176,80,40,11,"11:30 am - 12:00 am","11:30 am - 12:00 am","11:30 am - 12:00 am","11:30 am - 12:00 am","11:30 am - 1:00 am","11:30 am - 1:00 am","11:30 am - 12:00 am",0,1,0,1,0,1,1,3.77149877149877,407,0,0,4
5,"Court House Seafood Restaurant","Seafood Markets","498 Cambridge St Cambridge, MA 02141",67,55,17,12,2,"Closed","11:00 am - 7:00 pm","11:00 am - 7:00 pm","11:00 am - 7:00 pm","11:00 am - 8:00 pm","11:00 am - 6:00 pm","Closed",0,0,0,0,0,1,1,4.13071895424837,153,0,0,4
5,"Central Kitchen","American (New)","567 Massachusetts Ave Cambridge, MA 02139",76,160,61,38,7,"5:30 pm - 1:00 am","5:30 pm - 1:00 am","5:30 pm - 1:00 am","5:30 pm - 2:00 am","5:30 pm - 2:00 am","5:30 pm - 2:00 am","5:30 pm - 1:00 am",1,0,0,1,0,0,1,3.76023391812865,342,1,0,4
5,"Shanghai Fresh","Shanghainese","735 Massachusetts Ave Cambridge, MA 02139",26,15,7,1,5,"11:30 am - 3:00 pm 5:15 pm - 10:00 pm","Closed","11:30 am - 3:00 pm 5:15 pm - 10:00 pm","11:30 am - 3:00 pm 5:15 pm - 10:00 pm","11:30 am - 3:00 pm 5:15 pm - 11:00 pm","11:30 am - 3:00 pm 5:15 pm - 11:00 pm","11:30 am - 3:00 pm 5:15 pm - 10:00 pm",0,0,0,1,0,1,1,4.03703703703704,54,1,0,4
6,"Helmand Restaurant","Afghan","143 1st St Cambridge, MA 02142",302,265,64,38,18,"5:00 pm - 10:00 pm","5:00 pm - 10:00 pm","5:00 pm - 10:00 pm","5:00 pm - 10:00 pm","5:00 pm - 11:00 pm","5:00 pm - 11:00 pm","5:00 pm - 10:00 pm",0,0,0,1,0,1,1,4.15720524017467,687,1,0,4
6,"ChutneyÍs","Indian","36 John F Kennedy St Cambridge, MA 02138",59,91,40,16,12,"10:00 am - 11:00 pm","10:00 am - 11:00 pm","10:00 am - 11:00 pm","10:00 am - 11:00 pm","10:00 am - 11:00 pm","10:00 am - 11:00 pm","11:00 am - 11:00 pm",0,1,0,0,0,1,1,3.77522935779817,218,0,0,4
6,"Cambridge Deli & Grill","Delis","90 River St Cambridge, MA 02139",21,9,2,3,0,"11:00 am - 8:00 pm","11:00 am - 8:00 pm","11:00 am - 8:00 pm","11:00 am - 8:00 pm","11:00 am - 8:00 pm","Closed","Closed",0,1,0,0,1,1,1,4.37142857142857,35,0,0,4.5
6,"Viale","Modern American","502 Massachusetts Ave Cambridge, MA 02139",40,41,19,7,2,"5:00 pm - 12:00 am","5:00 pm - 12:00 am","5:00 pm - 12:00 am","5:00 pm - 1:00 am","5:00 pm - 1:00 am","5:00 pm - 1:00 am","10:30 am - 2:30 pm 5:00 pm - 12:00 am",0,1,0,1,0,0,1,4.00917431192661,109,1,0,4
6,"DarwinÍs Ltd","Delis","148 Mt Auburn St Cambridge, MA 02138",107,178,58,23,17,"6:30 am - 9:00 pm","6:30 am - 9:00 pm","6:30 am - 9:00 pm","6:30 am - 9:00 pm","6:30 am - 9:00 pm","6:30 am - 9:00 pm","7:00 am - 9:00 pm",1,0,0,1,0,1,1,3.87467362924282,383,0,0,4
6,"The Field","Pub","20 Prospect St Central Square Cambridge, MA 02139",57,138,75,16,7,"12:00 pm - 1:00 am","12:00 pm - 1:00 am","12:00 pm - 1:00 am","12:00 pm - 2:00 am","12:00 pm - 2:00 am","12:00 pm - 2:00 am","12:00 pm - 1:00 am",0,0,0,1,1,0,0,3.75767918088737,293,0,0,4
6,"Flour Bakery + Caf_","Coffee & Tea","190 Massachusetts Ave Cambridge, MA 02139",258,270,69,21,12,"7:00 am - 8:00 pm","7:00 am - 8:00 pm","7:00 am - 8:00 pm","7:00 am - 8:00 pm","7:00 am - 8:00 pm","8:00 am - 6:00 pm","9:00 am - 5:00 pm",1,0,0,0,1,1,1,4.17619047619048,630,0,0,4
6,"Newtowne Variety","Sandwiches","93 Windsor St Cambridge, MA 02139",31,14,2,0,2,"7:00 am - 6:00 pm","7:00 am - 6:00 pm","7:00 am - 6:00 pm","7:00 am - 6:00 pm","7:00 am - 6:00 pm","7:00 am - 2:00 pm","Closed",0,0,0,0,0,1,1,4.46938775510204,49,0,0,4.5
6,"BISq","American (New)","1071 Cambridge St Cambridge, MA 02139",29,21,12,2,3,"5:30 pm - 10:00 pm","5:30 pm - 10:00 pm","5:30 pm - 10:00 pm","5:30 pm - 10:00 pm","5:30 pm - 10:30 pm","5:30 pm - 10:30 pm","11:00 am - 2:30 pm 5:30 pm - 10:00 pm",0,0,0,1,0,0,1,4.05970149253731,67,1,0,4
6,"Bon Me","Vietnamese","1 Kendall Sq Cambridge, MA 02139",34,57,18,9,6,"11:00 am - 8:00 pm","11:00 am - 8:00 pm","11:00 am - 8:00 pm","11:00 am - 8:00 pm","11:00 am - 8:00 pm","11:00 am - 8:00 pm","11:00 am - 8:00 pm",0,0,0,0,1,1,1,3.83870967741935,124,0,0,4
7,"State Park","Modern American","1 Kendall Sq Bldg 300, Lower Level Cambridge, MA 02139",58,62,27,10,11,"11:30 am - 1:00 am","11:30 am - 1:00 am","11:30 am - 1:00 am","11:30 am - 2:00 am","11:30 am - 2:00 am","10:30 am - 2:00 am","10:30 am - 1:00 am",1,1,1,1,1,1,1,3.86904761904762,168,0,0,4
7,"Tampopo","Japanese","1815 Massachusetts Ave Cambridge, MA 02140",41,56,26,9,3,"12:00 pm - 9:00 pm","12:00 pm - 9:00 pm","12:00 pm - 9:00 pm","12:00 pm - 9:00 pm","12:00 pm - 9:00 pm","12:00 pm - 9:00 pm","12:00 pm - 9:00 pm",0,0,0,0,0,1,0,3.91111111111111,135,0,0,4
7,"Dumpling House","Chinese","950 Massachusetts Ave Cambridge, MA 02139",82,79,44,33,21,"11:00 am - 10:00 pm","11:00 am - 10:00 pm","11:00 am - 10:00 pm","11:00 am - 10:00 pm","11:00 am - 10:00 pm","11:00 am - 10:00 pm","11:00 am - 10:00 pm",0,0,0,1,0,1,1,3.64864864864865,259,1,1,3.5
7,"Baraka Caf_","African","80 1/2 Pearl St Cambridge, MA 02139",81,117,43,19,23,"Closed","12:00 pm - 3:00 pm 5:30 pm - 10:00 pm","12:00 pm - 3:00 pm 5:30 pm - 10:00 pm","12:00 pm - 3:00 pm 5:30 pm - 10:00 pm","12:00 pm - 3:00 pm 5:30 pm - 10:00 pm","12:00 pm - 3:00 pm 5:30 pm - 10:00 pm","5:30 pm - 10:00 pm",0,0,0,0,0,1,0,3.75618374558304,283,1,0,4
7,"All Star Sandwich Bar","Sandwiches","1245 Cambridge St Cambridge, MA 02139",185,211,93,38,5,"11:00 am - 9:00 pm","11:00 am - 9:00 pm","11:00 am - 9:00 pm","11:00 am - 9:00 pm","11:00 am - 10:00 pm","11:00 am - 10:00 pm","11:00 am - 8:00 pm",0,1,0,1,0,1,1,4.00187969924812,532,0,0,4
7,"IzzyÍs Restaurant & Sub Shop","American (Traditional)","169 Harvard St Cambridge, MA 02139",42,42,9,3,2,"10:00 am - 8:30 pm","10:00 am - 8:30 pm","10:00 am - 8:30 pm","10:00 am - 8:30 pm","10:00 am - 8:30 pm","10:00 am - 8:00 pm","Closed",0,1,0,0,0,1,1,4.21428571428571,98,0,0,4
7,"Yume Wo Katare","Ramen","1923 Massachusetts Ave Cambridge, MA 02140",168,150,85,45,33,"Closed","5:00 pm - 10:00 pm","5:00 pm - 10:00 pm","5:00 pm - 10:00 pm","5:00 pm - 10:00 pm","12:00 pm - 2:00 pm 5:00 pm - 10:00 pm","Closed",0,0,0,0,0,0,0,3.77962577962578,481,0,0,4
7,"LÍImpasto","Italian","2263 Massachusetts Ave Cambridge, MA 02140",79,45,17,6,7,"Closed","5:00 pm - 10:00 pm","5:00 pm - 10:00 pm","5:00 pm - 10:00 pm","5:00 pm - 10:00 pm","5:00 pm - 10:00 pm","5:00 pm - 9:00 pm",0,0,0,1,1,1,1,4.18831168831169,154,1,0,4
7,"Study","Modern American","73 Ames St Cambridge, MA 02142",32,7,9,2,1,"Closed","11:30 am - 2:00 pm","11:30 am - 2:00 pm","11:30 am - 2:00 pm 5:30 pm - 10:00 pm","11:30 am - 2:00 pm 5:30 pm - 10:00 pm","5:30 pm - 10:00 pm","Closed",0,0,0,1,0,0,1,4.31372549019608,51,1,0,4.5
7,"FelipeÍs Taqueria","Mexican","21 Brattle St Cambridge, MA 02138",60,56,30,28,9,"11:00 am - 12:00 am","11:00 am - 12:00 am","11:00 am - 12:00 am","11:00 am - 2:00 am","11:00 am - 2:00 am","11:00 am - 2:00 am","11:00 am - 12:00 am",0,0,0,1,1,1,1,3.7103825136612,183,0,0,3.5
8,"Clover","Coffee & Tea","1075 Cambridge St Cambridge, MA 02141",35,37,12,4,5,"7:00 am - 10:00 pm","7:00 am - 10:00 pm","7:00 am - 10:00 pm","7:00 am - 10:00 pm","7:00 am - 10:00 pm","7:00 am - 10:00 pm","9:00 am - 8:00 pm",1,0,0,1,0,1,1,4,93,0,0,4
8,"The Friendly Toast","Breakfast & Brunch","1 Kendall Sq Bldg 300 Cambridge, MA 02139",319,535,299,158,87,"8:00 am - 10:00 pm","8:00 am - 10:00 pm","8:00 am - 10:00 pm","8:00 am - 10:00 pm","8:00 am - 12:00 am","8:00 am - 12:00 am","8:00 am - 10:00 pm",0,0,0,1,1,1,1,3.60157367668097,1398,0,0,3.5
8,"House of Chang","Chinese","282 Concord Ave Cambridge, MA 02138",105,69,12,13,22,"Closed","11:30 am - 9:30 pm","11:30 am - 9:30 pm","11:30 am - 9:30 pm","11:30 am - 9:30 pm","11:30 am - 9:30 pm","11:30 am - 9:30 pm",0,0,0,0,0,1,1,4.00452488687783,221,1,1,4
8,"Tahaza Hummus Kitchen","Mediterranean","1 Canal Park Cambridge, MA 02141",22,14,3,2,1,"11:00 am - 9:00 pm","11:00 am - 9:00 pm","11:00 am - 9:00 pm","11:00 am - 9:00 pm","11:00 am - 9:00 pm","11:00 am - 9:00 pm","Closed",1,0,0,0,0,1,1,4.28571428571429,42,0,1,4.5
8,"Ames Street Deli","Bakeries","73 Ames St Cambridge, MA 02142",44,25,11,4,3,"7:00 am - 12:30 am","7:00 am - 12:30 am","7:00 am - 12:30 am","7:00 am - 12:30 am","7:00 am - 12:30 am","9:00 am - 12:30 am","Closed",1,1,0,1,0,1,1,4.18390804597701,87,0,1,4
8,"Petsi Pies","Cafes","594 Cambridge St Cambridge, MA 02141",18,7,1,1,2,"7:00 am - 7:00 pm","7:00 am - 7:00 pm","7:00 am - 7:00 pm","7:00 am - 7:00 pm","7:00 am - 7:00 pm","8:00 am - 3:00 pm","8:00 am - 3:00 pm",1,0,0,0,0,1,1,4.31034482758621,29,0,0,4.5
8,"Curio Coffee","Coffee & Tea","441 Cambridge St Cambridge, MA 02141",26,5,0,0,0,"7:00 am - 2:00 pm","7:00 am - 2:00 pm","7:00 am - 2:00 pm","7:00 am - 2:00 pm","7:00 am - 2:00 pm","8:00 am - 3:00 pm","8:00 am - 3:00 pm",1,0,0,0,0,1,1,4.83870967741935,31,0,0,5
8,"Bonchon","Korean","57 John F Kennedy St Cambridge, MA 02138",61,112,63,31,29,"11:00 am - 11:00 pm","11:00 am - 11:00 pm","11:00 am - 11:00 pm","11:00 am - 11:00 pm","11:00 am - 11:00 pm","11:00 am - 11:00 pm","11:00 am - 11:00 pm",0,0,0,0,0,1,1,3.48986486486486,296,0,1,3.5
8,"FiorellaÍs Express","Pizza","2401 Massachusetts Ave Cambridge, MA 02140",22,11,1,2,3,"11:00 am - 10:00 pm","11:00 am - 10:00 pm","11:00 am - 10:00 pm","11:00 am - 10:00 pm","11:00 am - 10:00 pm","11:00 am - 10:00 pm","11:00 am - 10:00 pm",0,1,0,0,1,1,1,4.20512820512821,39,0,1,4
8,"Shabu & Mein","Hot Pot","148 1st St Cambridge, MA 02142",95,93,41,17,5,"11:00 am - 10:00 pm","11:00 am - 10:00 pm","11:00 am - 10:00 pm","11:00 am - 10:00 pm","11:00 am - 11:00 pm","11:00 am - 11:00 pm","11:00 am - 10:00 pm",1,1,0,1,1,1,1,4.0199203187251,251,1,0,4
9,"Thelonious Monkfish","Sushi Bars","524 Massachusetts Ave Cambridge, MA 02139",117,199,105,39,31,"11:30 am - 10:00 pm","11:30 am - 10:00 pm","11:30 am - 10:00 pm","11:30 am - 10:00 pm","11:30 am - 11:00 pm","11:30 am - 11:00 pm","12:00 pm - 10:00 pm",1,0,0,1,1,1,1,3.67617107942974,491,1,1,3.5
9,"Dimitrios Cuisine","Greek","272 Brookline St Cambridge, MA 02139",21,24,10,4,2,"11:00 am - 10:00 pm","11:00 am - 10:00 pm","11:00 am - 10:00 pm","11:00 am - 10:00 pm","11:00 am - 10:00 pm","11:00 am - 10:00 pm","Closed",0,1,0,0,0,1,1,3.95081967213115,61,0,1,4
9,"Mix-It Restaurant - Sushi Bar","Sushi Bars","1678 Massachusetts Ave Cambridge, MA 02138",35,27,18,9,1,"11:30 am - 10:00 pm","11:30 am - 10:00 pm","11:30 am - 10:00 pm","11:30 am - 10:00 pm","11:30 am - 10:30 pm","29","",1,1,0,1,0,1,1,3.95555555555556,90,1,1,4
9,"Grafton Street","Traditional American","1230 Massachusetts Ave Cambridge, MA 02138",91,271,162,85,27,"11:00 am - 1:00 am","11:30 am - 1:00 am","11:00 am - 1:00 am","11:00 am - 2:00 am","11:00 am - 2:00 am","10:00 am - 2:00 am","10:00 am - 1:00 am",1,1,0,1,1,1,1,3.4937106918239,636,1,0,3.5
9,"Gran Gusto","Italian","90 Sherman St Cambridge, MA 02140",91,75,30,21,18,"12:00 pm - 10:00 pm","12:00 pm - 10:00 pm","12:00 pm - 10:00 pm","12:00 pm - 10:00 pm","12:00 pm - 11:00 pm","12:00 pm - 11:00 pm","4:30 pm - 10:00 pm",0,0,0,1,1,1,1,3.85106382978723,235,1,0,4
9,"Lord Hobo","Bars","92 Hampshire St Cambridge, MA 02139",94,189,105,64,39,"4:00 pm - 1:00 am","4:00 pm - 1:00 am","4:00 pm - 1:00 am","4:00 pm - 2:00 am","4:00 pm - 2:00 am","11:00 am - 2:00 am","11:00 am - 1:00 am",1,1,1,1,0,1,1,3.4786150712831,491,0,0,3.5
9,"The Rising","Sports Bars","1172 Cambridge St Cambridge, MA 02139",21,5,0,2,0,"11:00 am - 1:00 am","11:00 am - 1:00 am","11:00 am - 1:00 am","11:00 am - 1:00 am","11:00 am - 1:00 am","10:00 am - 1:00 am","10:00 am - 1:00 am",1,1,0,1,0,1,1,4.60714285714286,28,1,0,4.5
9,"The Half-Shell","Pizza","1760 Massachusetts Ave Ste A Cambridge, MA 02140",22,17,11,3,1,"null","null","null","null","null","null","null",0,0,0,0,0,1,1,4.03703703703704,54,0,1,4
9,"SOFRA Bakery & Cafe","Middle Eastern","1 Belmont St Cambridge, MA 02138",209,181,60,38,18,"8:00 am - 5:30 pm","8:00 am - 7:00 pm","8:00 am - 7:00 pm","8:00 am - 7:00 pm","8:00 am - 7:00 pm","8:00 am - 6:00 pm","8:00 am - 6:00 pm",0,0,0,0,1,1,1,4.03754940711462,506,0,0,4
9,"Cafe Barada","Caterers","2269 Massachusetts Ave Cambridge, MA 02140",74,58,21,6,10,"11:30 am - 9:00 pm","11:30 am - 9:00 pm","11:30 am - 9:00 pm","11:30 am - 9:00 pm","11:30 am - 10:00 pm","11:30 am - 10:00 pm","Closed",0,0,0,1,1,1,1,4.06508875739645,169,0,0,4
10,"Petsi Pies","Bakeries","31 Putnam Ave Cambridge, MA 02139",89,92,30,22,7,"7:00 am - 6:00 pm","7:00 am - 6:00 pm","7:00 am - 6:00 pm","7:00 am - 6:00 pm","7:00 am - 6:00 pm","8:00 am - 6:00 pm","8:00 am - 6:00 pm",1,0,0,0,0,1,1,3.975,240,0,0,4
10,"Sapporo Ramen","Ramen","1815 Massachusetts Ave Cambridge, MA 02140",111,180,113,63,39,"11:30 am - 3:00 pm 5:15 pm - 9:00 pm","11:30 am - 3:00 pm 5:15 pm - 9:00 pm","11:30 am - 3:00 pm 5:15 pm - 9:00 pm","11:30 am - 3:00 pm 5:15 pm - 9:00 pm","11:30 am - 3:00 pm 5:15 pm - 9:00 pm","11:30 am - 3:00 pm 5:15 pm - 9:00 pm","11:30 am - 3:00 pm 5:15 pm - 8:00 pm",0,0,0,0,0,1,0,3.51581027667984,506,0,0,3.5
10,"Happy Lamb Hot Pot","Hot Pot","485 Massachusetts Ave. Cambridge, MA 02139",15,12,4,1,0,"11:30 am - 2:30 pm 5:30 pm - 9:30 pm","11:30 am - 2:30 pm 5:30 pm - 9:30 pm","11:30 am - 2:30 pm 5:30 pm - 9:30 pm","11:30 am - 2:30 pm 5:30 pm - 9:30 pm","11:30 am - 2:30 pm 5:30 pm - 10:00 pm","11:30 am - 10:00 pm","11:30 am - 2:30 pm 5:30 pm - 9:30 pm",0,1,0,0,0,0,1,4.28125,32,1,0,4.5
10,"The Squeaky Beaker","Cafes","675 W Kendall St Cambridge, MA 02142",30,28,9,3,3,"7:30 am - 5:30 pm","7:30 am - 5:30 pm","7:30 am - 5:30 pm","7:30 am - 5:30 pm","7:30 am - 5:30 pm","Closed","Closed",0,0,0,0,0,1,1,4.08219178082192,73,0,0,4
10,"Clover","Fast Food","496 Mass Ave Cambridge, MA 02139",25,12,8,5,4,"Open 24 hours","Open 24 hours","Open 24 hours","Open 24 hours","Open 24 hours","Open 24 hours","Open 24 hours",0,0,0,0,0,1,1,3.90740740740741,54,0,0,4
10,"The Similans","Thai","145 1st St Cambridge, MA 02142",116,166,72,19,18,"11:00 am - 3:00 pm 4:00 pm - 10:00 pm","11:00 am - 3:00 pm 4:00 pm - 10:00 pm","11:00 am - 3:00 pm 4:00 pm - 10:00 pm","11:00 am - 3:00 pm 4:00 pm - 10:00 pm","11:00 am - 3:00 pm 4:00 pm - 10:00 pm","4:00 pm - 10:00 pm","4:00 pm - 9:30 pm",0,1,0,1,0,1,1,3.8772378516624,391,1,1,4
10,"Miracle of Science Bar + Grill","Bars","321 Massachusetts Ave Cambridge, MA 02139",68,214,133,57,31,"11:00 am - 1:00 am","11:00 am - 1:00 am","11:00 am - 1:00 am","11:00 am - 1:00 am","11:00 am - 1:00 am","9:00 am - 1:00 am","9:00 am - 1:00 am",1,1,0,1,0,1,1,3.45924453280318,503,0,0,3.5
10,"Full Moon","American (Traditional)","344 Huron Ave Cambridge, MA 02138",35,46,19,14,3,"9:00 am - 9:00 pm","9:00 am - 9:00 pm","9:00 am - 9:00 pm","9:00 am - 9:00 pm","9:00 am - 9:00 pm","9:00 am - 9:00 pm","9:00 am - 9:00 pm",1,0,0,1,0,1,1,3.82051282051282,117,0,0,4
10,"AngeloÍs Pizza","Pizza","444 Broadway Cambridge, MA 02138",28,12,4,1,2,"null","null","null","null","null","null","null",0,0,0,0,0,1,0,4.34042553191489,47,0,0,4.5
10,"Koreana","Korean","158 Prospect St Cambridge, MA 02139",76,210,128,75,37,"11:30 am - 10:30 pm","11:30 am - 10:30 pm","11:30 am - 10:30 pm","11:30 am - 10:30 pm","11:30 am - 12:00 am","11:30 am - 12:00 am","11:30 am - 10:30 pm",0,1,0,1,0,1,1,3.40494296577947,526,1,0,3.5
11,"The Just Crust","Pizza","49B Brattle St Cambridge, MA 02138",46,15,6,13,8,"11:00 am - 9:00 pm","11:00 am - 9:00 pm","11:00 am - 9:00 pm","11:00 am - 9:00 pm","11:00 am - 9:30 pm","11:00 am - 9:30 pm","11:00 am - 9:00 pm",1,1,0,1,0,1,1,3.88636363636364,88,0,1,4
11,"Loyal Nine","American (Traditional)","660 Cambridge St Cambridge, MA 02141",47,21,21,21,6,"8:00 am - 4:00 pm","8:00 am - 4:00 pm 5:30 pm - 10:00 pm","8:00 am - 4:00 pm 5:30 pm - 10:00 pm","8:00 am - 4:00 pm 5:30 pm - 11:00 pm","8:00 am - 4:00 pm 5:30 pm - 11:00 pm","8:00 am - 4:00 pm 5:30 pm - 11:00 pm","8:00 am - 4:00 pm 5:30 pm - 10:00 pm",1,0,0,1,1,0,1,3.70689655172414,116,1,0,3.5
11,"Aceituna Grill","Middle Eastern","605 W Kendall St Cambridge, MA 02142",63,92,27,26,6,"11:00 am - 8:00 pm","11:00 am - 8:00 pm","11:00 am - 8:00 pm","11:00 am - 8:00 pm","11:00 am - 8:00 pm","1:00 pm - 8:00 pm","Closed",1,1,0,0,1,1,1,3.8411214953271,214,0,0,4
11,"EVOO Restaurant","American (New)","Kendall Square 350 3rd St Cambridge, MA 02142",87,135,84,43,8,"11:30 am - 2:30 pm 5:00 pm - 10:00 pm","11:30 am - 2:30 pm 5:00 pm - 10:00 pm","11:30 am - 2:30 pm 5:00 pm - 10:00 pm","11:30 am - 2:30 pm 5:00 pm - 10:00 pm","11:30 am - 2:30 pm 5:00 pm - 11:00 pm","5:00 pm - 11:00 pm","5:00 pm - 10:00 pm",0,0,0,1,0,0,1,3.70028011204482,357,1,0,3.5
11,"Sweet Touch Cafe","Coffee & Tea","241 Cambridge St Cambridge, MA 02141",24,34,13,0,0,"6:00 am - 3:30 pm","6:00 am - 3:30 pm","6:00 am - 3:30 pm","6:00 am - 3:30 pm","6:00 am - 3:30 pm","9:00 am - 2:00 pm","9:00 am - 2:00 pm",0,0,0,0,0,1,1,4.15492957746479,71,0,0,4
11,"Bytes At University Park","Delis","64 Sidney St Ste 1 Cambridge, MA 02139",13,10,4,0,0,"null","null","null","null","null","null","null",0,0,0,0,1,1,0,4.33333333333333,27,0,0,4.5
11,"Caf_ Luna","Coffee & Tea","403 Massachusetts Ave Cambridge, MA 02139",361,255,72,37,20,"7:30 am - 5:00 pm","7:30 am - 5:00 pm","7:30 am - 5:00 pm","7:30 am - 5:00 pm","7:30 am - 5:00 pm","9:30 am - 5:00 pm","9:30 am - 5:00 pm",1,0,0,1,1,1,1,4.20805369127517,745,1,1,4
11,"SarahÍs Market & Cafe","Grocery","200 Concord Ave Cambridge, MA 02138",37,38,7,3,1,"7:00 am - 10:00 pm","7:00 am - 10:00 pm","7:00 am - 10:00 pm","7:00 am - 10:00 pm","7:00 am - 10:00 pm","7:00 am - 10:00 pm","7:00 am - 9:00 pm",0,0,0,0,0,1,1,4.24418604651163,86,0,0,4
11,"Newtowne Grille","Pizza","1945 Massachusetts Ave Cambridge, MA 02140",74,94,29,8,7,"11:00 am - 1:00 am","11:00 am - 1:00 am","11:00 am - 1:00 am","11:00 am - 2:00 am","11:00 am - 2:00 am","11:00 am - 2:00 am","12:00 pm - 1:00 am",0,0,0,1,0,1,1,4.0377358490566,212,1,0,4
11,"Skampa","Sandwiches","424 Cambridge St Cambridge, MA 02141",34,37,18,3,7,"11:00 am - 9:00 pm","11:00 am - 9:00 pm","11:00 am - 9:00 pm","11:00 am - 9:00 pm","11:00 am - 9:00 pm","11:00 am - 9:00 pm","Closed",0,1,0,0,0,1,0,3.88888888888889,99,0,1,4
12,"Gyu-Kaku Japanese BBQ","Japanese","16-18 Eliot St 2nd Fl Cambridge, MA 02138",20,15,6,6,8,"11:30 am - 10:00 pm","11:30 am - 10:00 pm","11:30 am - 10:00 pm","11:30 am - 10:00 pm","11:30 am - 11:00 pm","11:30 am - 11:00 pm","11:30 am - 10:00 pm",0,0,0,1,0,1,1,3.6,55,1,0,3.5
12,"Parsnip Restaurant & Lounge","American (New)","91 Winthrop St Cambridge, MA 02138",15,5,7,1,1,"Closed","5:00 pm - 12:00 am","5:00 pm - 12:00 am","5:00 pm - 12:00 am","5:00 pm - 12:00 am","5:00 pm - 12:00 am","Closed",0,0,0,1,0,1,0,4.10344827586207,29,1,1,4
12,"EmmaÍs Pizza","Pizza","40 Hampshire St Cambridge, MA 02139",189,174,51,32,20,"11:30 am - 10:00 pm","11:30 am - 10:00 pm","11:30 am - 10:00 pm","11:30 am - 10:00 pm","11:30 am - 10:00 pm","5:00 pm - 10:00 pm","4:00 pm - 9:00 pm",1,0,0,1,1,1,1,4.03004291845494,466,0,1,4
12,"Shake Shack","Burgers","92 Winthrop St Cambridge, MA 02138",49,76,60,45,12,"11:00 am - 11:00 pm","11:00 am - 11:00 pm","11:00 am - 11:00 pm","11:00 am - 11:00 pm","11:00 am - 11:00 pm","11:00 am - 11:00 pm","11:00 am - 11:00 pm",1,1,0,1,1,1,1,3.43388429752066,242,0,0,3.5
12,"Mr. BartleyÍs Gourmet Burgers","Burgers","1246 Massachusetts Ave Cambridge, MA 02138",233,369,281,116,60,"11:00 am - 9:00 pm","11:00 am - 9:00 pm","11:00 am - 9:00 pm","11:00 am - 9:00 pm","11:00 am - 9:00 pm","11:00 am - 9:00 pm","Closed",0,0,1,0,1,1,0,3.56562795089707,1059,0,0,3.5
12,"Qing Dao Garden","Chinese","2382 Massachusetts Ave Cambridge, MA 02138",75,73,31,21,15,"11:30 am - 10:00 pm","11:30 am - 10:00 pm","11:30 am - 10:00 pm","11:30 am - 10:00 pm","11:30 am - 10:00 pm","11:30 am - 10:00 pm","11:30 am - 10:00 pm",0,0,0,0,0,1,1,3.8,215,0,1,4
12,"Ma MagooÍs Pizza & Sub Shop","Pizza","6 Concord Ln Cambridge, MA 02138",53,37,10,5,10,"11:30 am - 9:00 pm","11:30 am - 9:00 pm","11:30 am - 9:00 pm","11:30 am - 9:00 pm","11:30 am - 9:00 pm","11:30 am - 9:00 pm","11:00 am - 8:00 pm",0,0,0,0,0,1,1,4.02608695652174,115,0,1,4
12,"Desfina Restaurant","Greek","202 3rd St Cambridge, MA 02141",53,54,27,13,8,"11:00 am - 11:00 pm","11:00 am - 11:00 pm","11:00 am - 11:00 pm","11:00 am - 11:00 pm","11:00 am - 12:00 am","5:00 pm - 12:00 am","Closed",0,1,0,1,0,1,1,3.84516129032258,155,1,0,4
12,"DarwinÍs Ltd","Sandwiches","1629 Cambridge St Cambridge, MA 02138",55,89,45,28,25,"6:30 am - 9:00 pm","6:30 am - 9:00 pm","6:30 am - 9:00 pm","6:30 am - 9:00 pm","6:30 am - 9:00 pm","6:30 am - 9:00 pm","7:00 am - 9:00 pm",1,0,0,1,0,1,1,3.5,242,0,0,3.5
12,"Greek Corner Restaurant","Greek","2366 Massachusetts Ave Cambridge, MA 02140",194,216,52,26,16,"11:00 am - 10:00 pm","11:00 am - 10:00 pm","11:00 am - 10:00 pm","11:00 am - 10:00 pm","11:00 am - 10:00 pm","11:00 am - 10:00 pm","12:00 pm - 10:00 pm",0,0,0,1,0,1,1,4.08333333333333,504,0,0,4
13,"Border Caf_","Tex-Mex","32 Church St Cambridge, MA 02138",396,566,331,124,78,"11:00 am - 1:00 am","11:00 am - 1:00 am","11:00 am - 1:00 am","11:00 am - 1:00 am","11:00 am - 2:00 am","11:00 am - 2:00 am","11:00 am - 12:00 am",0,1,1,1,0,1,1,3.72107023411371,1495,0,0,3.5
13,"Flame Hot Pot and Sushi","Szechuan","1001 Massachusetts Ave Cambridge, MA 02138",15,10,9,5,8,"11:30 am - 10:30 pm","11:30 am - 10:30 pm","11:30 am - 10:30 pm","11:30 am - 10:30 pm","11:30 am - 11:30 pm","11:30 am - 11:30 pm","12:00 pm - 10:30 pm",1,1,0,0,1,1,1,3.40425531914894,47,1,1,3.5
13,"Genki Ya","Sushi Bars","231 Alewife Brook Pkwy Cambridge, MA 02138",112,139,50,30,30,"11:15 am - 10:30 pm","11:15 am - 10:30 pm","11:15 am - 10:30 pm","11:15 am - 10:30 pm","11:15 am - 10:30 pm","11:15 am - 10:30 pm","12:00 pm - 10:00 pm",0,1,0,1,0,1,1,3.75623268698061,361,1,1,4
13,"Season to Taste Catering","Caterers","2447 Massachusetts Ave Cambridge, MA 02140",23,4,0,0,1,"10:00 am - 6:00 pm","10:00 am - 6:00 pm","10:00 am - 6:00 pm","10:00 am - 6:00 pm","10:00 am - 6:00 pm","Closed","10:30 am - 2:30 pm",0,0,0,0,0,0,0,4.71428571428571,28,0,1,4.5
13,"Meadhall","Bars","4 Cambridge Ctr Cambridge, MA 02142",84,202,142,77,50,"11:30 am - 1:00 am","11:30 am - 1:00 am","11:30 am - 1:00 am","11:30 am - 1:00 am","11:30 am - 1:00 am","11:30 am - 1:00 am","3:00 pm - 12:00 am",1,0,1,1,0,1,1,3.34774774774775,555,1,0,3.5
13,"ChristopherÍs","Bars","1920 Massachusetts Ave Cambridge, MA 02140",115,277,118,63,25,"11:30 am - 1:00 am","11:30 am - 1:00 am","11:30 am - 1:00 am","11:30 am - 2:00 am","11:30 am - 2:00 am","10:30 am - 2:00 am","10:30 am - 1:00 am",0,1,0,1,1,1,1,3.65886287625418,598,1,0,3.5
13,"Suvaai","Indian","2378 Massachusetts Ave Cambridge, MA 02140",36,9,6,2,4,"Closed","11:30 am - 10:00 pm","11:30 am - 10:00 pm","11:30 am - 10:00 pm","11:30 am - 10:00 pm","29","",1,1,0,0,0,1,1,4.24561403508772,57,1,1,4
13,"OTTO Pizza","Pizza","1432 Massachusetts Ave Cambridge, MA 02138",110,114,49,18,17,"10:30 am - 12:00 am","10:30 am - 12:00 am","10:30 am - 12:00 am","10:30 am - 12:00 am","10:30 am - 2:00 am","10:30 am - 2:00 am","10:30 am - 12:00 am",0,0,0,0,1,1,1,3.91558441558442,308,0,1,4
13,"2nd Street Cafe","Sandwiches","89 2nd St Cambridge, MA 02141",40,56,10,6,2,"7:30 am - 3:00 pm","7:30 am - 3:00 pm","7:30 am - 3:00 pm","7:30 am - 3:00 pm","7:30 am - 3:00 pm","Closed","Closed",0,0,0,0,0,1,0,4.10526315789474,114,0,0,4
13,"Cafe ArtScience","Cocktail Bars","650 E Kendall St Cambridge, MA 02142",48,26,15,19,3,"11:00 am - 12:00 am","11:00 am - 12:00 am","11:00 am - 12:00 am","11:00 am - 12:00 am","11:00 am - 12:00 am","5:00 pm - 12:00 am","Closed",1,0,0,1,0,0,1,3.87387387387387,111,1,0,4
15,"Pronto","Breakfast & Brunch","1 Bennett St Cambridge, MA 02138",6,8,2,1,1,"7:00 am - 3:00 pm","7:00 am - 3:00 pm","7:00 am - 3:00 pm","7:00 am - 3:00 pm","7:00 am - 3:00 pm","Closed","Closed",0,0,0,0,1,1,1,3.94444444444444,18,0,0,4
15,"The Red House","American (New)","98 Winthrop St Cambridge, MA 02138",63,115,66,65,47,"3:00 pm - 11:00 pm","12:00 pm - 11:00 pm","12:00 pm - 11:00 pm","12:00 pm - 11:00 pm","12:00 pm - 11:00 pm","12:00 pm - 11:00 pm","12:00 pm - 11:00 pm",0,0,0,1,1,0,1,3.23033707865169,356,1,0,3
15,"Bagelsaurus","Sandwiches","1796 Massachusetts Ave Cambridge, MA 02140",132,54,41,29,4,"Closed","7:00 am - 3:00 pm","7:00 am - 3:00 pm","7:00 am - 3:00 pm","7:00 am - 3:00 pm","8:00 am - 3:00 pm","8:00 am - 3:00 pm",0,0,0,0,0,1,1,4.08076923076923,260,0,0,4
15,"Commonwealth Restaurant and Market","American (New)","11 Broad Canal Way Cambridge, MA 02142",65,67,35,25,20,"10:00 am - 11:00 pm","10:00 am - 11:00 pm","10:00 am - 11:00 pm","10:00 am - 11:00 pm","10:00 am - 11:00 pm","10:00 am - 11:00 pm","Closed",0,0,0,1,1,1,1,3.62264150943396,212,1,0,3.5
15,"Wasabi at Porter","Sushi Bars","2088 Massachusetts Ave Cambridge, MA 02140",17,16,5,5,4,"Closed","11:30 am - 10:00 pm","11:30 am - 10:00 pm","11:30 am - 10:00 pm","11:30 am - 11:00 pm","11:30 am - 11:00 pm","11:30 am - 10:00 pm",1,1,0,1,0,1,1,3.78723404255319,47,0,1,4
15,"Falafel Corner","Middle Eastern","8 Eliot St Cambridge, MA 02138",42,56,42,25,32,"11:00 am - 3:00 am","11:00 am - 3:00 am","11:00 am - 3:00 am","11:00 am - 3:00 am","11:00 am - 3:00 am","11:00 am - 3:00 am","11:00 am - 12:00 am",0,0,0,0,1,1,1,3.25888324873096,197,0,1,3.5
15,"JoseÍs Mexican Restaurant","Mexican","131 Sherman St Cambridge, MA 02140",76,152,80,60,41,"11:00 am - 10:00 pm","11:00 am - 10:00 pm","11:00 am - 10:00 pm","11:00 am - 10:00 pm","11:00 am - 12:00 am","29","",1,1,0,1,1,1,1,3.3960880195599,409,1,0,3.5
15,"Daedalus Restaurant & Pub","Pubs","45 1/2 Mt. Auburn St Cambridge, MA 02138",31,150,120,59,18,"11:00 am - 1:00 am","11:00 am - 1:00 am","11:00 am - 1:00 am","11:00 am - 2:00 am","11:00 am - 2:00 am","11:00 am - 2:00 am","10:00 am - 1:00 am",0,1,0,1,1,1,1,3.30952380952381,378,1,0,3.5
15,"Beantown Taqueria","Mexican","245 Massachusetts Ave Cambridge, MA 02139",45,48,20,18,33,"8:00 am - 11:00 pm","8:00 am - 11:00 pm","8:00 am - 11:00 pm","8:00 am - 3:59 am","8:00 am - 3:59 am","8:00 am - 3:59 am","8:00 am - 11:00 pm",1,1,0,0,1,1,1,3.32926829268293,164,0,1,3.5
15,"Cilantro","Dim Sum","1105 Massachusetts Ave Cambridge, MA 02138",18,15,7,8,9,"11:00 am - 10:00 pm","11:00 am - 10:00 pm","11:00 am - 10:00 pm","11:00 am - 10:00 pm","11:00 am - 11:00 pm","11:00 am - 11:00 pm","11:00 am - 10:00 pm",0,1,0,0,0,1,1,3.43859649122807,57,1,1,3.5
16,"LeÍs Restaurant","Vietnamese","36 JFK St Cambridge, MA 02138",69,228,139,51,43,"11:00 am - 10:00 pm","11:00 am - 10:00 pm","11:00 am - 10:00 pm","11:00 am - 11:00 pm","11:00 am - 11:00 pm","11:00 am - 11:00 pm","11:00 am - 10:00 pm",0,0,0,1,0,1,1,3.43207547169811,530,1,1,3.5
16,"Boston Burger Company","Burgers","1105 Massachusetts Ave Cambridge, MA 02138",23,32,18,13,6,"11:00 am - 11:00 pm","11:00 am - 11:00 pm","11:00 am - 11:00 pm","11:00 am - 11:00 pm","11:00 am - 12:00 am","11:00 am - 12:00 am","12:00 pm - 10:00 pm",1,1,1,1,0,1,1,3.57608695652174,92,0,0,3.5
16,"Ampersand","Southern","513 Putnam Ave Cambridge, MA 02139",5,0,0,0,0,"null","null","null","null","null","null","null",0,0,0,0,0,0,0,5,5,1,0,5
16,"CurryThai Restaurant","Thai","569 Cambridge St Cambridge, MA 02141",29,34,16,10,15,"11:30 am - 10:00 pm","11:30 am - 10:00 pm","11:30 am - 10:00 pm","11:30 am - 10:00 pm","11:30 am - 10:30 pm","11:30 am - 10:30 pm","11:30 am - 10:00 pm",0,0,0,0,0,1,1,3.5,104,0,1,3.5
16,"Veggie Galaxy","Vegetarian","450 Massachusetts Ave Cambridge, MA 02139",261,209,94,63,26,"9:00 am - 10:00 pm","9:00 am - 10:00 pm","9:00 am - 10:00 pm","9:00 am - 10:00 pm","9:00 am - 11:00 pm","9:00 am - 11:00 pm","9:00 am - 10:00 pm",0,0,0,1,1,1,1,3.94333843797856,653,0,0,4
16,"Nubar","Bar","16 Garden St Cambridge, MA 02138",15,42,28,15,8,"6:30 am - 12:00 am","6:30 am - 12:00 am","6:30 am - 12:00 am","6:30 am - 12:00 am","6:30 am - 1:00 am","7:00 am - 1:00 am","7:00 am - 12:00 am",1,1,0,1,0,0,1,3.37962962962963,108,1,0,3.5
16,"Harvard Faculty Club","Venues & Event Spaces","20 Quincy St Cambridge, MA 02138",23,17,3,1,1,"7:30 am - 9:00 pm","7:30 am - 9:00 pm","7:30 am - 9:00 pm","7:30 am - 9:00 pm","7:30 am - 9:00 pm","Closed","11:00 am - 1:00 pm",1,0,0,1,1,0,1,4.33333333333333,45,1,0,4.5
16,"Pho House","Vietnamese","1790 Massachusetts Ave Cambridge, MA 02140",18,28,12,13,12,"11:30 am - 10:00 pm","11:30 am - 10:00 pm","11:30 am - 10:00 pm","11:30 am - 10:00 pm","11:30 am - 10:00 pm","11:30 am - 10:00 pm","11:30 am - 10:00 pm",0,1,0,1,0,1,1,3.32530120481928,83,1,1,3.5
16,"Temple Bar","American (New)","1688 Massachusetts Ave Cambridge, MA 02138",84,207,84,33,20,"5:00 pm - 1:00 am","5:00 pm - 1:00 am","5:00 pm - 1:00 am","5:00 pm - 1:00 am","5:00 pm - 1:00 am","10:00 am - 1:00 am","10:00 am - 1:00 am",1,1,0,1,1,1,1,3.70560747663551,428,1,0,3.5
16,"Pinocchios Pizza & Subs","Pizza","74 Winthrop St Cambridge, MA 02138",234,203,71,31,9,"11:00 am - 1:00 am","11:00 am - 1:00 am","11:00 am - 1:00 am","11:00 am - 1:00 am","11:00 am - 2:30 am","11:00 am - 2:30 am","1:00 pm - 12:00 am",0,0,0,0,0,1,1,4.13503649635036,548,0,0,4
17,"Andala Coffee House","Coffee & Tea","286 Franklin St Cambridge, MA 02139",125,150,67,38,28,"7:00 am - 11:00 pm","7:00 am - 11:00 pm","7:00 am - 11:00 pm","7:00 am - 11:00 pm","7:00 am - 11:00 pm","7:00 am - 11:00 pm","7:00 am - 11:00 pm",1,0,0,0,1,1,1,3.75,408,0,0,4
17,"ZinnekenÍs","Belgian","1154 Massachusetts Ave Cambridge, MA 02138",55,90,53,35,22,"8:00 am - 11:00 pm","8:00 am - 11:00 pm","8:00 am - 11:00 pm","8:00 am - 11:00 pm","8:00 am - 12:00 am","8:00 am - 12:00 am","8:00 am - 9:00 pm",1,0,0,0,0,1,1,3.47450980392157,255,0,0,3.5
17,"Crema Cafe","Coffee & Tea","27 Brattle St Cambridge, MA 02138",252,438,136,49,37,"7:00 am - 9:00 pm","7:00 am - 9:00 pm","7:00 am - 9:00 pm","7:00 am - 9:00 pm","7:00 am - 9:00 pm","8:00 am - 9:00 pm","8:00 am - 9:00 pm",1,0,1,0,1,1,1,3.89802631578947,912,0,0,4
17,"Portugalia","Portuguese","723 Cambridge St Cambridge, MA 02141",13,24,15,3,3,"null","null","null","null","null","null","null",1,1,0,1,0,1,1,3.70689655172414,58,1,0,3.5
17,"Club Passim","Concert Hall","47 Palmer St Cambridge, MA 02138",44,31,8,4,3,"6:00 pm - 11:00 pm","6:00 pm - 11:00 pm","6:00 pm - 11:00 pm","6:00 pm - 11:00 pm","6:00 pm - 11:00 pm","10:00 am - 11:00 pm","10:00 am - 11:00 pm",0,0,0,1,0,0,1,4.21111111111111,90,0,0,4
17,"ArmandoÍs Pizza & Subs","Pizza","163 Huron Ave Cambridge, MA 02138",107,46,15,8,10,"9:00 am - 11:00 pm","9:00 am - 11:00 pm","9:00 am - 11:00 pm","9:00 am - 11:00 pm","9:00 am - 11:00 pm","9:00 am - 11:00 pm","4:00 pm - 11:00 pm",0,0,0,0,0,1,0,4.24731182795699,186,0,0,4
17,"The Similans","Thai","145 1st St Cambridge, MA 02142",116,166,72,19,18,"11:00 am - 3:00 pm 4:00 pm - 10:00 pm","11:00 am - 3:00 pm 4:00 pm - 10:00 pm","11:00 am - 3:00 pm 4:00 pm - 10:00 pm","11:00 am - 3:00 pm 4:00 pm - 10:00 pm","11:00 am - 3:00 pm 4:00 pm - 10:00 pm","4:00 pm - 10:00 pm","4:00 pm - 9:30 pm",0,1,0,1,0,1,1,3.8772378516624,391,1,1,4
17,"Riverside Pizza & Seafoods","Pizza","305 River St Cambridge, MA 02139",12,14,9,4,2,"11:00 am - 10:30 pm","11:00 am - 10:30 pm","11:00 am - 10:30 pm","11:00 am - 10:30 pm","11:00 am - 10:30 pm","11:00 am - 10:30 pm","Closed",0,1,0,1,0,1,1,3.73170731707317,41,0,1,3.5
17,"Tatte Bakery & Cafe","Bakeries","318 Third St Cambridge, MA 02142",117,115,41,27,15,"7:00 am - 8:00 pm","7:00 am - 8:00 pm","7:00 am - 8:00 pm","7:00 am - 8:00 pm","7:00 am - 8:00 pm","8:00 am - 8:00 pm","9:00 am - 6:00 pm",1,0,0,0,1,1,1,3.92698412698413,315,0,1,4
17,"Harvest","French","44 Brattle St Cambridge, MA 02138",93,126,92,66,22,"11:30 am - 10:00 pm","11:30 am - 10:00 pm","11:30 am - 10:00 pm","11:30 am - 10:00 pm","11:30 am - 11:00 pm","11:30 am - 11:00 pm","11:30 am - 10:00 pm",0,1,0,1,1,0,1,3.5062656641604,399,1,0,3.5
17,"Za","Pizza","350 3rd St Cambridge, MA 02142",35,65,47,36,7,"11:30 am - 10:00 pm","11:30 am - 10:00 pm","11:30 am - 10:00 pm","11:30 am - 10:00 pm","11:30 am - 11:00 pm","11:30 am - 11:00 pm","11:30 am - 10:00 pm",1,1,0,1,1,1,1,3.44736842105263,190,1,0,3.5
18,"AbigailÍs Restaurant","American (New)","291 3rd St Cambridge, MA 02142",48,51,46,39,21,"11:30 am - 1:00 am","11:30 am - 1:00 am","11:30 am - 1:00 am","11:30 am - 1:00 am","11:30 am - 1:00 am","4:00 pm - 1:00 am","11:00 am - 12:00 am",1,1,0,1,1,1,1,3.32195121951219,205,1,0,3.5
18,"MoodyÍs Falafel Palace","Falafel","25 Central Sq Cambridge, MA 02139",107,187,67,49,52,"10:30 am - 11:30 pm","10:30 am - 11:30 pm","10:30 am - 11:30 pm","10:30 am - 3:00 am","2:00 pm - 3:00 am","10:30 am - 3:00 am","10:30 am - 11:30 pm",0,0,0,0,0,1,0,3.53679653679654,462,0,0,3.5
18,"wagamama","Japanese","57 JFK St Cambridge, MA 02138",31,124,146,97,57,"11:30 am - 10:00 pm","11:30 am - 10:00 pm","11:30 am - 10:00 pm","11:30 am - 10:00 pm","11:30 am - 11:00 pm","11:30 am - 11:00 pm","11:30 am - 10:00 pm",1,0,0,1,0,1,1,2.94505494505495,455,1,0,3
18,"DarwinÍs","Cafe","313 Massachusetts Ave Cambridge, MA 02139",9,11,6,3,3,"7:00 am - 8:00 pm","7:00 am - 8:00 pm","7:00 am - 8:00 pm","7:00 am - 8:00 pm","7:00 am - 8:00 pm","8:00 am - 8:00 pm","8:00 am - 8:00 pm",1,0,0,0,0,1,1,3.625,32,0,0,3.5
18,"Souper Roll Up Cafe","Sandwiches","726 Cambridge St Cambridge, MA 02141",40,16,2,0,0,"9:00 am - 5:00 pm","9:00 am - 5:00 pm","9:00 am - 5:00 pm","9:00 am - 5:00 pm","9:00 am - 5:00 pm","Closed","Closed",1,0,0,0,0,1,1,4.6551724137931,58,0,0,4.5
18,"HenriettaÍs Table","American (New)","1 Bennett St Cambridge, MA 02138",134,258,124,78,27,"6:30 am - 11:00 am 12:00 pm - 3:00 pm 5:30 pm - 10:00 pm","6:30 am - 11:00 am 12:00 pm - 3:00 pm 5:30 pm - 10:00 pm","6:30 am - 11:00 am 12:00 pm - 3:00 pm 5:30 pm - 10:00 pm","6:30 am - 11:00 am 12:00 pm - 3:00 pm 5:30 pm - 10:00 pm","6:30 am - 11:00 am 12:00 pm - 3:00 pm 5:30 pm - 10:00 pm","7:00 am - 11:00 am 12:00 pm - 3:00 pm 5:30 pm - 10:00 pm","7:00 am - 10:30 am 12:00 pm - 3:00 pm 5:30 pm - 10:00 pm",0,0,0,1,1,1,1,3.63446054750403,621,1,0,3.5
18,"Bukowski Tavern","Pub","1281 Cambridge St Cambridge, MA 02139",57,141,135,93,56,"4:00 pm - 1:00 am","4:00 pm - 1:00 am","4:00 pm - 1:00 am","4:00 pm - 2:00 am","11:30 am - 2:00 am","11:30 am - 2:00 am","12:00 pm - 1:00 am",0,1,1,1,0,1,0,3.10373443983402,482,0,0,3
18,"Patty ChenÍs Dumpling Room","Taiwanese","907 Main St Cambridge, MA 02139",35,38,22,36,24,"11:30 am - 10:00 pm","11:30 am - 10:00 pm","11:30 am - 10:00 pm","11:30 am - 11:00 pm","11:30 am - 12:00 am","11:30 am - 12:00 am","11:30 am - 10:00 pm",1,1,0,0,0,1,1,3.15483870967742,155,0,1,3
18,"Firebrand Saints","Bars","1 Broadway St Cambridge, MA 02142",25,77,31,27,10,"11:30 am - 1:00 am","11:30 am - 1:00 am","11:30 am - 1:00 am","11:30 am - 2:00 am","11:30 am - 2:00 am","11:00 am - 2:00 am","Closed",1,0,0,1,0,1,1,3.47058823529412,170,1,0,3.5
18,"Flat Patties","Traditional American","33 Brattle St Cambridge, MA 02138",73,164,87,47,24,"11:00 am - 10:00 pm","11:00 am - 10:00 pm","11:00 am - 10:00 pm","11:00 am - 10:00 pm","11:00 am - 12:00 am","11:00 am - 12:00 am","11:00 am - 10:00 pm",0,0,0,1,1,1,1,3.54430379746835,395,0,0,3.5
19,"Bambara Cambridge","American (New)","25 Edwin H Land Blvd Cambridge, MA 02141",43,54,50,27,15,"6:30 am - 2:00 pm 5:30 pm - 10:00 pm","6:30 am - 2:00 pm 5:30 pm - 10:00 pm","6:30 am - 2:00 pm 5:30 pm - 10:00 pm","6:30 am - 2:00 pm 5:30 pm - 10:00 pm","6:30 am - 2:00 pm 5:30 pm - 11:00 pm","8:00 am - 2:00 pm 5:30 pm - 11:00 pm","8:00 am - 2:00 pm 5:30 pm - 10:00 pm",1,1,0,1,1,1,1,3.43915343915344,189,1,0,3.5
19,"All Star Pizza Bar","Pizza","1238 Cambridge St Cambridge, MA 02139",45,45,19,10,3,"11:00 am - 10:00 pm","11:00 am - 10:00 pm","11:00 am - 10:00 pm","11:00 am - 10:00 pm","11:00 am - 10:00 pm","11:00 am - 10:00 pm","11:00 am - 10:00 pm",0,1,0,1,0,1,1,3.97540983606557,122,0,0,4
19,"ZoeÍs","Greek","1105 Massachusetts Ave Cambridge, MA 02138",49,142,88,41,22,"7:30 am - 9:00 pm","7:30 am - 9:00 pm","7:30 am - 9:00 pm","7:30 am - 9:00 pm","7:30 am - 9:00 pm","7:30 am - 9:00 pm","8:00 am - 3:00 pm",0,0,0,1,0,1,1,3.45321637426901,342,0,0,3.5
19,"Shays Pub & Wine Bar","American (Traditional)","58 JFK St Cambridge, MA 02138",48,113,30,9,3,"11:00 am - 1:00 am","11:00 am - 1:00 am","11:00 am - 1:00 am","11:00 am - 1:00 am","11:00 am - 1:00 am","11:00 am - 1:00 am","12:00 pm - 1:00 am",0,1,0,1,1,0,1,3.95566502463054,203,0,0,4
19,"John HarvardÍs Brewery & Ale House","Breweries","33 Dunster St Cambridge, MA 02138",39,142,182,87,56,"11:30 am - 1:00 am","11:30 am - 1:00 am","11:30 am - 1:00 am","11:30 am - 1:00 am","11:30 am - 2:00 am","11:30 am - 2:00 am","11:30 am - 11:00 pm",0,1,0,1,0,0,1,3.04150197628458,506,1,0,3
19,"Naco Taco","Mexican","297 Massachusetts Ave Cambridge, MA 02139",52,39,42,51,22,"11:30 am - 11:00 pm","11:30 am - 11:00 pm","11:30 am - 11:00 pm","11:30 am - 12:00 am","11:30 am - 12:00 am","11:00 am - 12:00 am","11:00 am - 11:00 pm",0,1,0,1,1,1,1,3.23300970873786,206,0,0,3
19,"OggiGourmet","Pizza","1350 Massachusetts Ave Cambridge, MA 02138",61,64,16,8,15,"7:00 am - 8:00 pm","7:00 am - 8:00 pm","7:00 am - 8:00 pm","7:00 am - 8:00 pm","7:00 am - 8:00 pm","12:00 pm - 7:00 pm","12:00 pm - 7:00 pm",1,1,0,0,0,1,1,3.90243902439024,164,0,1,4
19,"Amelias Trattoria","Italian","111 Harvard St Cambridge, MA 02139",36,50,28,13,14,"11:00 am - 10:30 pm","11:00 am - 10:30 pm","11:00 am - 10:30 pm","11:00 am - 10:30 pm","11:00 am - 11:00 pm","5:00 pm - 11:00 pm","Closed",1,1,0,1,0,1,0,3.57446808510638,141,0,1,3.5
19,"Beat Brasserie","American (New)","13 Brattle St Cambridge, MA 02138",115,152,73,57,64,"4:00 pm - 12:00 am","4:00 pm - 12:00 am","4:00 pm - 12:00 am","4:00 pm - 1:00 am","4:00 pm - 2:00 am","10:00 am - 2:00 am","10:00 am - 12:00 am",1,1,1,1,0,1,1,3.42733188720174,461,1,0,3.5
19,"Pepper SkyÍs Thai Sensation","Thai","20 Pearl St Cambridge, MA 02139",53,112,93,33,25,"11:30 am - 9:30 pm","11:30 am - 9:30 pm","11:30 am - 9:30 pm","11:30 am - 9:30 pm","11:30 am - 9:30 pm","12:00 pm - 9:30 pm","5:00 pm - 9:30 pm",0,1,0,0,0,1,1,3.42721518987342,316,1,1,3.5
20,"Kendall Kitchen","Sandwiches","201 Broadway Cambridge, MA 02139",4,17,8,4,1,"null","null","null","null","null","null","null",1,0,0,0,0,1,1,3.55882352941176,34,0,0,3.5
20,"Go! Go! Curry!","Japanese","581 Massachusetts Ave Cambridge, MA 02139",4,14,15,8,2,"11:00 am - 10:00 pm","11:00 am - 10:00 pm","11:00 am - 10:00 pm","11:00 am - 10:00 pm","11:00 am - 10:00 pm","11:00 am - 10:00 pm","11:00 am - 10:00 pm",0,0,1,0,0,1,1,3.23255813953488,43,0,0,3
20,"Hong Kong At Harvard Square","Chinese","1238 Massachusetts Ave Cambridge, MA 02138",36,84,130,72,76,"11:30 am - 2:00 am","11:30 am - 2:00 am","11:30 am - 2:00 am","11:30 am - 2:30 am","11:30 am - 3:00 am","11:30 am - 3:00 am","11:30 am - 2:00 am",0,0,1,1,0,1,1,2.82914572864322,398,0,1,3
20,"Cambridge Pizzeria","Pizza","263 Brookline St Cambridge, MA 02139",8,8,2,2,3,"11:00 am - 10:00 pm","11:00 am - 10:00 pm","11:00 am - 10:00 pm","11:00 am - 10:00 pm","11:00 am - 10:00 pm","11:00 am - 10:00 pm","11:00 am - 10:00 pm",0,1,0,0,1,1,1,3.69565217391304,23,0,1,3.5
20,"Mass Ave Diner","Diners","906 Massachusetts Ave Cambridge, MA 02139",38,57,28,10,10,"6:30 am - 4:00 pm","6:30 am - 4:00 pm","6:30 am - 10:00 pm","6:30 am - 10:00 pm","6:30 am - 10:15 pm","7:30 am - 10:15 pm","7:30 am - 4:45 pm",0,1,0,1,0,1,1,3.72027972027972,143,0,1,3.5
20,"El JefeÍs Taqueria","Mexican","83 Mt Auburn St Cambridge, MA 02138",17,9,3,3,9,"8:00 am - 4:00 am","8:00 am - 4:00 am","8:00 am - 4:00 am","8:00 am - 4:00 am","8:00 am - 4:00 am","8:00 am - 4:00 am","8:00 am - 4:00 am",0,0,0,0,0,1,1,3.53658536585366,41,0,0,3.5
20,"VO2 Vegan Cafe","Vegan","1001 Massachusetts Ave Cambridge, MA 02138",29,12,5,3,4,"8:00 am - 6:00 pm","8:00 am - 6:00 pm","8:00 am - 6:00 pm","8:00 am - 6:00 pm","8:00 am - 6:00 pm","8:00 am - 6:00 pm","8:00 am - 6:00 pm",1,0,0,0,1,1,1,4.11320754716981,53,0,0,4
20,"VelozoÍs Food Service","Food Stands","Divinity Ave Cambridge, MA 02138",5,0,0,0,0,"null","null","null","null","null","null","null",0,0,0,0,0,1,1,5,5,0,0,5
20,"Shawarma Shack","Moroccan","Stratton Student Center 84 Massachusetts Ave Cambridge, MA 02139",4,5,2,0,0,"11:00 am - 8:00 pm","11:00 am - 8:00 pm","11:00 am - 8:00 pm","11:00 am - 8:00 pm","11:00 am - 8:00 pm","Closed","11:00 am - 8:00 pm",0,0,0,0,0,1,1,4.18181818181818,11,0,0,4
20,"S & S Restaurant & Deli Inc","Delis","1334 Cambridge St Cambridge, MA 02139",75,184,136,72,43,"7:00 am - 10:00 pm","7:00 am - 10:00 pm","7:00 am - 10:00 pm","7:00 am - 11:00 pm","8:00 am - 11:00 pm","8:00 am - 11:00 pm","8:00 am - 10:00 pm",0,0,0,1,0,1,1,3.34509803921569,510,1,0,3.5
21,"Legal Sea Foods","Seafood","20 University Rd Cambridge, MA 02138",57,92,51,33,17,"11:00 am - 10:00 pm","11:00 am - 10:00 pm","11:00 am - 10:00 pm","11:00 am - 10:00 pm","11:00 am - 11:00 pm","11:00 am - 11:00 pm","11:00 am - 10:00 pm",0,1,0,1,1,1,1,3.556,250,1,0,3.5
21,"Discovery Cafe","Cafes","157 Sixth St Cambridge, MA 02141",5,3,4,1,0,"6:30 am - 3:30 pm","6:30 am - 3:30 pm","6:30 am - 3:30 pm","6:30 am - 3:30 pm","6:30 am - 3:30 pm","Closed","Closed",0,1,0,0,1,1,1,3.92307692307692,13,0,1,4
21,"Bisuteki Japanese Steak House","Japanese","777 Memorial Dr Cambridge, MA 02139",20,19,14,18,25,"11:30 am - 10:00 pm","11:30 am - 10:00 pm","11:30 am - 10:00 pm","11:30 am - 10:00 pm","11:30 am - 11:00 pm","11:30 am - 11:00 pm","12:00 pm - 10:00 pm",1,0,0,1,0,1,1,2.90625,96,1,0,3
21,"Downstairs Cafe","Sandwiches","222 3rd St Ste 222 Cambridge, MA 02142",4,7,4,0,1,"null","null","null","null","null","null","null",0,0,0,0,0,1,1,3.8125,16,0,0,4
21,"Four Burgers","Burgers","704 Massachusetts Ave Cambridge, MA 02139",75,151,104,62,14,"11:00 am - 10:00 pm","11:00 am - 10:00 pm","11:00 am - 11:00 pm","11:00 am - 11:00 pm","11:00 am - 11:00 pm","11:00 am - 11:00 pm","12:00 pm - 9:00 pm",1,1,0,1,1,1,1,3.51970443349754,406,0,0,3.5
21,"Ole","Mexican","11 Springfield St Cambridge, MA 02139",130,213,104,74,35,"5:30 pm - 10:00 pm","5:00 pm - 10:00 pm","5:30 pm - 10:00 pm","5:30 pm - 10:00 pm","5:00 pm - 11:00 pm","5:00 pm - 11:00 pm","10:30 am - 2:30 pm 5:00 pm - 9:30 pm",0,0,0,1,0,1,1,3.59172661870504,556,1,0,3.5
21,"Dado Tea","Coffee & Tea","955 Massachusetts Ave Cambridge, MA 02139",33,50,18,11,5,"7:00 am - 8:00 pm","7:00 am - 8:00 pm","7:00 am - 8:00 pm","7:00 am - 8:00 pm","7:00 am - 6:00 pm","8:00 am - 6:00 pm","9:00 am - 6:00 pm",1,0,0,0,0,1,1,3.81196581196581,117,0,0,4
21,"Frozen Yogi","Ice Cream & Frozen Yogurt","80 River St Cambridge, MA 02139",6,3,2,1,0,"11:00 am - 9:00 pm","11:00 am - 9:00 pm","11:00 am - 9:00 pm","11:00 am - 9:00 pm","11:00 am - 9:00 pm","11:00 am - 9:00 pm","11:00 am - 9:00 pm",0,1,0,0,1,1,1,4.16666666666667,12,0,0,4
21,"Fuji At Kendall","Sushi Bars","300 3rd St Cambridge, MA 02142",66,67,35,19,29,"11:00 am - 10:00 pm","11:00 am - 10:00 pm","11:00 am - 10:00 pm","11:00 am - 10:00 pm","11:00 am - 11:00 pm","11:00 am - 11:00 pm","11:00 am - 10:00 pm",1,1,0,1,1,1,1,3.56481481481481,216,1,1,3.5
21,"AnnaÍs Taqueria","Mexican","MIT Stratton Student Center 84 Massachusetts Ave Cambridge, MA 02139",28,49,27,19,10,"7:00 am - 11:30 pm","7:00 am - 11:30 pm","7:00 am - 11:30 pm","7:00 am - 11:30 pm","7:00 am - 11:30 pm","7:00 am - 11:30 pm","7:00 am - 11:30 pm",1,0,0,0,1,1,1,3.49624060150376,133,0,0,3.5
22,"AnnaÍs Taqueria","Mexican","822 Somerville Ave Cambridge, MA 02140",102,92,61,41,35,"8:00 am - 11:30 pm","8:00 am - 11:30 pm","8:00 am - 11:30 pm","8:00 am - 11:30 pm","8:00 am - 11:30 pm","8:00 am - 12:30 am","8:00 am - 12:30 am",0,0,0,0,0,1,1,3.55891238670695,331,0,0,3.5
22,"Hops N Scotch","Bars","1248 Cambridge St Cambridge, MA 02139",19,7,11,8,3,"5:00 pm - 12:00 am","5:00 pm - 12:00 am","5:00 pm - 1:00 am","5:00 pm - 1:00 am","3:00 pm - 1:00 am","11:00 am - 1:00 am","11:00 am - 12:00 am",0,0,0,1,0,0,1,3.64583333333333,48,1,0,3.5
22,"Ginger Exchange","Japanese","1287 Cambridge St Cambridge, MA 02139",40,97,79,44,44,"12:00 pm - 3:00 pm 5:00 pm - 12:00 am","12:00 pm - 3:00 pm 5:00 pm - 12:00 am","12:00 pm - 3:00 pm 5:00 pm - 12:00 am","12:00 pm - 3:00 pm 5:00 pm - 1:00 am","12:00 pm - 3:00 pm 5:00 pm - 1:00 am","12:00 pm - 1:00 am","12:00 pm - 10:00 pm",0,1,0,1,0,1,1,3.14802631578947,304,1,1,3
22,"ChochoÍs","Korean","1815 Massachusetts Ave Cambridge, MA 02140",22,39,21,11,8,"11:00 am - 9:00 pm","11:00 am - 9:00 pm","11:00 am - 9:00 pm","11:00 am - 9:00 pm","11:00 am - 9:00 pm","11:00 am - 9:00 pm","11:00 am - 9:00 pm",0,0,1,0,0,1,1,3.55445544554455,101,0,0,3.5
22,"9 Tastes","Thai","50 JFK St Cambridge, MA 02138",35,84,74,49,33,"11:30 am - 3:00 pm 5:00 pm - 10:00 pm","11:30 am - 3:00 pm 5:00 pm - 10:00 pm","11:30 am - 3:00 pm 5:00 pm - 10:00 pm","11:30 am - 3:00 pm 5:00 pm - 10:00 pm","11:30 am - 3:00 pm 5:00 pm - 10:30 pm","12:00 pm - 10:30 pm","12:00 pm - 10:00 pm",0,0,0,1,0,1,1,3.14181818181818,275,1,1,3
22,"Summer Shack","Seafood","149 Alewife Brook Pkwy Cambridge, MA 02140",49,104,70,65,55,"11:30 am - 10:00 pm","11:30 am - 10:00 pm","11:30 am - 10:00 pm","11:30 am - 10:00 pm","11:30 am - 11:00 pm","11:30 am - 11:00 pm","12:00 pm - 9:00 pm",0,1,0,1,0,1,1,3.07871720116618,343,1,0,3
22,"Tory Row","Bars","3 Brattle St Cambridge, MA 02138",36,123,123,65,23,"9:00 am - 1:00 am","9:00 am - 1:00 am","9:00 am - 1:00 am","9:00 am - 1:00 am","9:00 am - 1:00 am","9:00 am - 1:00 am","9:00 am - 1:00 am",1,1,0,1,1,1,1,3.22702702702703,370,0,0,3
22,"Paris Baguette","Bakery","581 Massachusetts Ave Cambridge, MA 02139",33,25,13,7,4,"7:00 am - 10:00 pm","7:00 am - 10:00 pm","7:00 am - 10:00 pm","7:00 am - 10:00 pm","7:00 am - 10:00 pm","7:00 am - 10:00 pm","7:00 am - 10:00 pm",0,0,1,0,0,1,1,3.92682926829268,82,0,0,4
22,"CinderellaÍs Bar & Restaurant","Italian","901 Main St Cambridge, MA 02139",13,0,3,5,5,"11:00 am - 1:00 am","11:00 am - 1:00 am","11:00 am - 1:00 am","11:00 am - 1:00 am","11:00 am - 1:00 am","11:00 am - 1:00 am","11:00 am - 1:00 am",1,1,1,1,0,1,1,3.42307692307692,26,0,1,3.5
22,"The Asgard Irish Pub & Restaurant","Pubs","350 Massachusetts Ave Cambridge, MA 02139",31,108,169,99,53,"11:00 am - 1:00 am","11:00 am - 1:00 am","11:00 am - 1:00 am","11:00 am - 2:00 am","11:00 am - 2:00 am","10:00 am - 2:00 am","10:00 am - 1:00 am",0,1,1,1,1,1,1,2.92391304347826,460,1,0,3
